{
    "o:label": "Cartography Locate",
    "o:resource_template_property": [
        {
            "o:alternate_label": "Motivated by",
            "o:alternate_comment": null,
            "o:is_required": false,
            "o:is_private": false,
            "data_type_name": "customvocab:1",
            "data_type_label": "Annotation oa:motivatedBy",
            "vocabulary_namespace_uri": "http:\/\/www.w3.org\/ns\/oa#",
            "vocabulary_label": "Web Annotation Ontology",
            "local_name": "motivatedBy",
            "label": "motivatedBy",
            "data": {
                "annotation_part": "oa:Annotation"
            }
        },
        {
            "o:alternate_label": "Value",
            "o:alternate_comment": "May be used for body textual content or target selector, as json\/xml\/svg, etc.",
            "o:is_required": false,
            "o:is_private": false,
            "data_type_name": "literal",
            "data_type_label": "Text",
            "vocabulary_namespace_uri": "http:\/\/www.w3.org\/1999\/02\/22-rdf-syntax-ns#",
            "vocabulary_label": "RDF Concepts Vocabulary (RDF)",
            "local_name": "value",
            "label": "value",
            "data": {
                "annotation_part": "oa:hasBody"
            }
        },
        {
            "o:alternate_label": "Has purpose",
            "o:alternate_comment": null,
            "o:is_required": false,
            "o:is_private": false,
            "data_type_name": "customvocab:2",
            "data_type_label": "Annotation Body oa:hasPurpose",
            "vocabulary_namespace_uri": "http:\/\/www.w3.org\/ns\/oa#",
            "vocabulary_label": "Web Annotation Ontology",
            "local_name": "hasPurpose",
            "label": "hasPurpose",
            "data": {
                "annotation_part": "oa:hasBody"
            }
        },
        {
            "o:alternate_label": "Related resource",
            "o:alternate_comment": null,
            "o:is_required": false,
            "o:is_private": false,
            "data_type_name": "resource",
            "data_type_label": "All",
            "vocabulary_namespace_uri": "http:\/\/www.w3.org\/ns\/oa#",
            "vocabulary_label": "Web Annotation Ontology",
            "local_name": "hasBody",
            "label": "hasBody",
            "data": {
                "annotation_part": "oa:Annotation"
            }
        }
    ],
    "o:resource_class": {
        "vocabulary_namespace_uri": "http:\/\/www.w3.org\/ns\/oa#",
        "vocabulary_label": "Web Annotation Ontology",
        "local_name": "Annotation",
        "label": "Annotation"
    }
}