{
    "o:label": "Actant",
    "o:resource_template_property": [
        {
            "o:alternate_label": null,
            "o:alternate_comment": null,
            "o:is_required": false,
            "o:is_private": false,
            "data_type_name": null,
            "data_type_label": null,
            "vocabulary_namespace_uri": "http:\/\/xmlns.com\/foaf\/0.1\/",
            "vocabulary_label": "Friend of a Friend",
            "local_name": "accountName",
            "label": "account name"
        },
        {
            "o:alternate_label": null,
            "o:alternate_comment": null,
            "o:is_required": false,
            "o:is_private": false,
            "data_type_name": null,
            "data_type_label": null,
            "vocabulary_namespace_uri": "http:\/\/schema.org\/",
            "vocabulary_label": "schema.org",
            "local_name": "identifier",
            "label": "identifier"
        },
        {
            "o:alternate_label": null,
            "o:alternate_comment": null,
            "o:is_required": false,
            "o:is_private": false,
            "data_type_name": null,
            "data_type_label": null,
            "vocabulary_namespace_uri": "http:\/\/xmlns.com\/foaf\/0.1\/",
            "vocabulary_label": "Friend of a Friend",
            "local_name": "account",
            "label": "account"
        },
        {
            "o:alternate_label": null,
            "o:alternate_comment": null,
            "o:is_required": false,
            "o:is_private": false,
            "data_type_name": null,
            "data_type_label": null,
            "vocabulary_namespace_uri": "http:\/\/xmlns.com\/foaf\/0.1\/",
            "vocabulary_label": "Friend of a Friend",
            "local_name": "accountServiceHomepage",
            "label": "account service homepage"
        }
    ],
    "o:resource_class": {
        "vocabulary_namespace_uri": "https:\/\/jardindesconnaissances.univ-paris8.fr\/onto\/jdc#",
        "vocabulary_label": "Jardin des connaissances",
        "local_name": "Actant",
        "label": "Actant"
    }
}