{
    "o:label": "Crible",
    "o:resource_template_property": [
        {
            "o:alternate_label": null,
            "o:alternate_comment": null,
            "o:is_required": false,
            "o:is_private": false,
            "data_type_name": null,
            "data_type_label": null,
            "vocabulary_namespace_uri": "http:\/\/purl.org\/dc\/terms\/",
            "vocabulary_label": "Dublin Core",
            "local_name": "title",
            "label": "Title"
        },
        {
            "o:alternate_label": null,
            "o:alternate_comment": null,
            "o:is_required": false,
            "o:is_private": false,
            "data_type_name": null,
            "data_type_label": null,
            "vocabulary_namespace_uri": "https:\/\/jardindesconnaissances.univ-paris8.fr\/onto\/jdc#",
            "vocabulary_label": "Jardin des connaissances",
            "local_name": "hasCribleCarto",
            "label": "a comme cartographie"
        },
        {
            "o:alternate_label": "skos:ConceptScheme",
            "o:alternate_comment": null,
            "o:is_required": false,
            "o:is_private": false,
            "data_type_name": null,
            "data_type_label": null,
            "vocabulary_namespace_uri": "http:\/\/purl.org\/dc\/terms\/",
            "vocabulary_label": "Dublin Core",
            "local_name": "type",
            "label": "Type"
        },
        {
            "o:alternate_label": null,
            "o:alternate_comment": null,
            "o:is_required": false,
            "o:is_private": false,
            "data_type_name": null,
            "data_type_label": null,
            "vocabulary_namespace_uri": "http:\/\/purl.org\/dc\/terms\/",
            "vocabulary_label": "Dublin Core",
            "local_name": "isReferencedBy",
            "label": "Is Referenced By"
        },
        {
            "o:alternate_label": null,
            "o:alternate_comment": null,
            "o:is_required": false,
            "o:is_private": false,
            "data_type_name": null,
            "data_type_label": null,
            "vocabulary_namespace_uri": "http:\/\/purl.org\/dc\/terms\/",
            "vocabulary_label": "Dublin Core",
            "local_name": "description",
            "label": "Description"
        }
    ],
    "o:resource_class": {
        "vocabulary_namespace_uri": "https:\/\/jardindesconnaissances.univ-paris8.fr\/onto\/jdc#",
        "vocabulary_label": "Jardin des connaissances",
        "local_name": "Crible",
        "label": "Crible"
    }
}