{
    "o:label": "Position s\u00e9mantique",
    "o:resource_template_property": [
        {
            "o:alternate_label": null,
            "o:alternate_comment": null,
            "o:is_required": true,
            "o:is_private": false,
            "data_type_name": "literal",
            "data_type_label": "Text",
            "vocabulary_namespace_uri": "http:\/\/purl.org\/dc\/terms\/",
            "vocabulary_label": "Dublin Core",
            "local_name": "title",
            "label": "Title"
        },
        {
            "o:alternate_label": null,
            "o:alternate_comment": null,
            "o:is_required": true,
            "o:is_private": false,
            "data_type_name": "literal",
            "data_type_label": "Text",
            "vocabulary_namespace_uri": "http:\/\/www.w3.org\/ns\/ma-ont#",
            "vocabulary_label": "Ontology for Media Resources",
            "local_name": "hasCreator",
            "label": "hasCreator"
        },
        {
            "o:alternate_label": null,
            "o:alternate_comment": null,
            "o:is_required": true,
            "o:is_private": false,
            "data_type_name": "literal",
            "data_type_label": "Text",
            "vocabulary_namespace_uri": "http:\/\/www.w3.org\/ns\/ma-ont#",
            "vocabulary_label": "Ontology for Media Resources",
            "local_name": "hasRating",
            "label": "hasRating"
        },
        {
            "o:alternate_label": null,
            "o:alternate_comment": null,
            "o:is_required": true,
            "o:is_private": false,
            "data_type_name": "resource:item",
            "data_type_label": "Item",
            "vocabulary_namespace_uri": "http:\/\/www.w3.org\/ns\/ma-ont#",
            "vocabulary_label": "Ontology for Media Resources",
            "local_name": "isRatingOf",
            "label": "isRatingOf"
        },
        {
            "o:alternate_label": null,
            "o:alternate_comment": null,
            "o:is_required": true,
            "o:is_private": false,
            "data_type_name": "literal",
            "data_type_label": "Text",
            "vocabulary_namespace_uri": "http:\/\/www.w3.org\/ns\/ma-ont#",
            "vocabulary_label": "Ontology for Media Resources",
            "local_name": "ratingScaleMax",
            "label": "ratingScaleMax"
        },
        {
            "o:alternate_label": null,
            "o:alternate_comment": null,
            "o:is_required": true,
            "o:is_private": false,
            "data_type_name": "literal",
            "data_type_label": "Text",
            "vocabulary_namespace_uri": "http:\/\/www.w3.org\/ns\/ma-ont#",
            "vocabulary_label": "Ontology for Media Resources",
            "local_name": "ratingScaleMin",
            "label": "ratingScaleMin"
        },
        {
            "o:alternate_label": null,
            "o:alternate_comment": null,
            "o:is_required": true,
            "o:is_private": false,
            "data_type_name": "resource:item",
            "data_type_label": "Item",
            "vocabulary_namespace_uri": "http:\/\/www.w3.org\/ns\/ma-ont#",
            "vocabulary_label": "Ontology for Media Resources",
            "local_name": "hasRatingSystem",
            "label": "hasRatingSystem"
        },
        {
            "o:alternate_label": null,
            "o:alternate_comment": null,
            "o:is_required": true,
            "o:is_private": false,
            "data_type_name": "literal",
            "data_type_label": "Text",
            "vocabulary_namespace_uri": "http:\/\/www.w3.org\/ns\/ma-ont#",
            "vocabulary_label": "Ontology for Media Resources",
            "local_name": "locationLatitude",
            "label": "locationLatitude"
        },
        {
            "o:alternate_label": null,
            "o:alternate_comment": null,
            "o:is_required": true,
            "o:is_private": false,
            "data_type_name": "literal",
            "data_type_label": "Text",
            "vocabulary_namespace_uri": "http:\/\/www.w3.org\/ns\/ma-ont#",
            "vocabulary_label": "Ontology for Media Resources",
            "local_name": "locationLongitude",
            "label": "locationLongitude"
        },
        {
            "o:alternate_label": null,
            "o:alternate_comment": null,
            "o:is_required": false,
            "o:is_private": false,
            "data_type_name": null,
            "data_type_label": null,
            "vocabulary_namespace_uri": "http:\/\/www.w3.org\/ns\/ma-ont#",
            "vocabulary_label": "Ontology for Media Resources",
            "local_name": "frameHeight",
            "label": "frameHeight"
        },
        {
            "o:alternate_label": null,
            "o:alternate_comment": null,
            "o:is_required": false,
            "o:is_private": false,
            "data_type_name": null,
            "data_type_label": null,
            "vocabulary_namespace_uri": "http:\/\/www.w3.org\/ns\/ma-ont#",
            "vocabulary_label": "Ontology for Media Resources",
            "local_name": "frameWidth",
            "label": "frameWidth"
        },
        {
            "o:alternate_label": null,
            "o:alternate_comment": null,
            "o:is_required": true,
            "o:is_private": false,
            "data_type_name": "resource:item",
            "data_type_label": "Item",
            "vocabulary_namespace_uri": "http:\/\/www.w3.org\/ns\/ma-ont#",
            "vocabulary_label": "Ontology for Media Resources",
            "local_name": "isFragmentOf",
            "label": "isFragmentOf"
        }
    ]
}