{
    "o:label": "Position s\u00e9mantique : Geneva Emotion",
    "o:resource_template_property": [
        {
            "o:alternate_label": null,
            "o:alternate_comment": null,
            "o:is_required": false,
            "o:is_private": false,
            "data_type_name": "literal",
            "data_type_label": "Text",
            "vocabulary_namespace_uri": "http:\/\/purl.org\/dc\/terms\/",
            "vocabulary_label": "Dublin Core",
            "local_name": "title",
            "label": "Title"
        },
        {
            "o:alternate_label": null,
            "o:alternate_comment": null,
            "o:is_required": false,
            "o:is_private": false,
            "data_type_name": null,
            "data_type_label": null,
            "vocabulary_namespace_uri": "http:\/\/schema.org\/",
            "vocabulary_label": "schema.org",
            "local_name": "actionApplication",
            "label": "actionApplication"
        },
        {
            "o:alternate_label": null,
            "o:alternate_comment": null,
            "o:is_required": false,
            "o:is_private": false,
            "data_type_name": "literal",
            "data_type_label": "Text",
            "vocabulary_namespace_uri": "https:\/\/jardindesconnaissances.univ-paris8.fr\/onto\/jdc#",
            "vocabulary_label": "Jardin des connaissances",
            "local_name": "creationDate",
            "label": "creationDate"
        },
        {
            "o:alternate_label": null,
            "o:alternate_comment": null,
            "o:is_required": false,
            "o:is_private": false,
            "data_type_name": "literal",
            "data_type_label": "Text",
            "vocabulary_namespace_uri": "http:\/\/www.w3.org\/ns\/ma-ont#",
            "vocabulary_label": "Ontology for Media Resources",
            "local_name": "hasCreator",
            "label": "hasCreator"
        },
        {
            "o:alternate_label": null,
            "o:alternate_comment": null,
            "o:is_required": false,
            "o:is_private": false,
            "data_type_name": "literal",
            "data_type_label": "Text",
            "vocabulary_namespace_uri": "http:\/\/www.w3.org\/ns\/ma-ont#",
            "vocabulary_label": "Ontology for Media Resources",
            "local_name": "hasRating",
            "label": "hasRating"
        },
        {
            "o:alternate_label": null,
            "o:alternate_comment": null,
            "o:is_required": false,
            "o:is_private": false,
            "data_type_name": "resource:item",
            "data_type_label": "Item",
            "vocabulary_namespace_uri": "http:\/\/www.w3.org\/ns\/ma-ont#",
            "vocabulary_label": "Ontology for Media Resources",
            "local_name": "isRatingOf",
            "label": "isRatingOf"
        },
        {
            "o:alternate_label": null,
            "o:alternate_comment": null,
            "o:is_required": false,
            "o:is_private": false,
            "data_type_name": "literal",
            "data_type_label": "Text",
            "vocabulary_namespace_uri": "http:\/\/www.w3.org\/ns\/ma-ont#",
            "vocabulary_label": "Ontology for Media Resources",
            "local_name": "ratingScaleMax",
            "label": "ratingScaleMax"
        },
        {
            "o:alternate_label": null,
            "o:alternate_comment": null,
            "o:is_required": false,
            "o:is_private": false,
            "data_type_name": "literal",
            "data_type_label": "Text",
            "vocabulary_namespace_uri": "http:\/\/www.w3.org\/ns\/ma-ont#",
            "vocabulary_label": "Ontology for Media Resources",
            "local_name": "ratingScaleMin",
            "label": "ratingScaleMin"
        },
        {
            "o:alternate_label": null,
            "o:alternate_comment": null,
            "o:is_required": false,
            "o:is_private": false,
            "data_type_name": "resource:item",
            "data_type_label": "Item",
            "vocabulary_namespace_uri": "http:\/\/www.w3.org\/ns\/ma-ont#",
            "vocabulary_label": "Ontology for Media Resources",
            "local_name": "hasRatingSystem",
            "label": "hasRatingSystem"
        },
        {
            "o:alternate_label": null,
            "o:alternate_comment": null,
            "o:is_required": false,
            "o:is_private": false,
            "data_type_name": "literal",
            "data_type_label": "Text",
            "vocabulary_namespace_uri": "http:\/\/www.w3.org\/ns\/ma-ont#",
            "vocabulary_label": "Ontology for Media Resources",
            "local_name": "locationLatitude",
            "label": "locationLatitude"
        },
        {
            "o:alternate_label": null,
            "o:alternate_comment": null,
            "o:is_required": false,
            "o:is_private": false,
            "data_type_name": "literal",
            "data_type_label": "Text",
            "vocabulary_namespace_uri": "http:\/\/www.w3.org\/ns\/ma-ont#",
            "vocabulary_label": "Ontology for Media Resources",
            "local_name": "locationLongitude",
            "label": "locationLongitude"
        },
        {
            "o:alternate_label": null,
            "o:alternate_comment": null,
            "o:is_required": false,
            "o:is_private": false,
            "data_type_name": null,
            "data_type_label": null,
            "vocabulary_namespace_uri": "http:\/\/www.w3.org\/ns\/ma-ont#",
            "vocabulary_label": "Ontology for Media Resources",
            "local_name": "frameHeight",
            "label": "frameHeight"
        },
        {
            "o:alternate_label": null,
            "o:alternate_comment": null,
            "o:is_required": false,
            "o:is_private": false,
            "data_type_name": null,
            "data_type_label": null,
            "vocabulary_namespace_uri": "http:\/\/www.w3.org\/ns\/ma-ont#",
            "vocabulary_label": "Ontology for Media Resources",
            "local_name": "frameWidth",
            "label": "frameWidth"
        },
        {
            "o:alternate_label": null,
            "o:alternate_comment": null,
            "o:is_required": false,
            "o:is_private": false,
            "data_type_name": "resource:item",
            "data_type_label": "Item",
            "vocabulary_namespace_uri": "http:\/\/www.w3.org\/ns\/ma-ont#",
            "vocabulary_label": "Ontology for Media Resources",
            "local_name": "isFragmentOf",
            "label": "isFragmentOf"
        },
        {
            "o:alternate_label": null,
            "o:alternate_comment": null,
            "o:is_required": false,
            "o:is_private": false,
            "data_type_name": "literal",
            "data_type_label": "Text",
            "vocabulary_namespace_uri": "https:\/\/jardindesconnaissances.univ-paris8.fr\/onto\/jdc#",
            "vocabulary_label": "Jardin des connaissances",
            "local_name": "distanceCenter",
            "label": "distance du centre"
        },
        {
            "o:alternate_label": null,
            "o:alternate_comment": null,
            "o:is_required": false,
            "o:is_private": false,
            "data_type_name": "literal",
            "data_type_label": "Text",
            "vocabulary_namespace_uri": "https:\/\/jardindesconnaissances.univ-paris8.fr\/onto\/jdc#",
            "vocabulary_label": "Jardin des connaissances",
            "local_name": "distanceConcept",
            "label": "distance du concept"
        },
        {
            "o:alternate_label": null,
            "o:alternate_comment": null,
            "o:is_required": false,
            "o:is_private": false,
            "data_type_name": "resource",
            "data_type_label": "All",
            "vocabulary_namespace_uri": "https:\/\/jardindesconnaissances.univ-paris8.fr\/onto\/jdc#",
            "vocabulary_label": "Jardin des connaissances",
            "local_name": "hasActant",
            "label": "a comme actant"
        },
        {
            "o:alternate_label": null,
            "o:alternate_comment": null,
            "o:is_required": false,
            "o:is_private": false,
            "data_type_name": "resource:item",
            "data_type_label": "Item",
            "vocabulary_namespace_uri": "https:\/\/jardindesconnaissances.univ-paris8.fr\/onto\/jdc#",
            "vocabulary_label": "Jardin des connaissances",
            "local_name": "hasDoc",
            "label": "a comme document"
        },
        {
            "o:alternate_label": null,
            "o:alternate_comment": null,
            "o:is_required": false,
            "o:is_private": false,
            "data_type_name": "resource:item",
            "data_type_label": "Item",
            "vocabulary_namespace_uri": "https:\/\/jardindesconnaissances.univ-paris8.fr\/onto\/jdc#",
            "vocabulary_label": "Jardin des connaissances",
            "local_name": "hasConcept",
            "label": "a comme concept"
        },
        {
            "o:alternate_label": null,
            "o:alternate_comment": null,
            "o:is_required": false,
            "o:is_private": false,
            "data_type_name": "resource:item",
            "data_type_label": "Item",
            "vocabulary_namespace_uri": "https:\/\/jardindesconnaissances.univ-paris8.fr\/onto\/jdc#",
            "vocabulary_label": "Jardin des connaissances",
            "local_name": "hasRapport",
            "label": "a comme rapport"
        },
        {
            "o:alternate_label": null,
            "o:alternate_comment": null,
            "o:is_required": false,
            "o:is_private": false,
            "data_type_name": "literal",
            "data_type_label": "Text",
            "vocabulary_namespace_uri": "https:\/\/jardindesconnaissances.univ-paris8.fr\/onto\/jdc#",
            "vocabulary_label": "Jardin des connaissances",
            "local_name": "x",
            "label": "x"
        },
        {
            "o:alternate_label": null,
            "o:alternate_comment": null,
            "o:is_required": false,
            "o:is_private": false,
            "data_type_name": "literal",
            "data_type_label": "Text",
            "vocabulary_namespace_uri": "https:\/\/jardindesconnaissances.univ-paris8.fr\/onto\/jdc#",
            "vocabulary_label": "Jardin des connaissances",
            "local_name": "y",
            "label": "y"
        },
        {
            "o:alternate_label": null,
            "o:alternate_comment": null,
            "o:is_required": false,
            "o:is_private": false,
            "data_type_name": "literal",
            "data_type_label": "Text",
            "vocabulary_namespace_uri": "https:\/\/jardindesconnaissances.univ-paris8.fr\/onto\/jdc#",
            "vocabulary_label": "Jardin des connaissances",
            "local_name": "xRatingValue",
            "label": "xRatingValue"
        },
        {
            "o:alternate_label": null,
            "o:alternate_comment": null,
            "o:is_required": false,
            "o:is_private": false,
            "data_type_name": "literal",
            "data_type_label": "Text",
            "vocabulary_namespace_uri": "https:\/\/jardindesconnaissances.univ-paris8.fr\/onto\/jdc#",
            "vocabulary_label": "Jardin des connaissances",
            "local_name": "yRatingValue",
            "label": "yRatingValue"
        },
        {
            "o:alternate_label": null,
            "o:alternate_comment": null,
            "o:is_required": false,
            "o:is_private": false,
            "data_type_name": "literal",
            "data_type_label": "Text",
            "vocabulary_namespace_uri": "https:\/\/jardindesconnaissances.univ-paris8.fr\/onto\/jdc#",
            "vocabulary_label": "Jardin des connaissances",
            "local_name": "degradColors",
            "label": "degradColors"
        },
        {
            "o:alternate_label": null,
            "o:alternate_comment": null,
            "o:is_required": false,
            "o:is_private": false,
            "data_type_name": "literal",
            "data_type_label": "Text",
            "vocabulary_namespace_uri": "https:\/\/jardindesconnaissances.univ-paris8.fr\/onto\/jdc#",
            "vocabulary_label": "Jardin des connaissances",
            "local_name": "degradName",
            "label": "degradName"
        }
    ],
    "o:resource_class": {
        "vocabulary_namespace_uri": "https:\/\/jardindesconnaissances.univ-paris8.fr\/onto\/jdc#",
        "vocabulary_label": "Jardin des connaissances",
        "local_name": "SemanticPosition",
        "label": "SemanticPosition"
    }
}